{
  "辽宁": {
    "province": "辽宁",
    "capital": "沈阳市",
    "longitude": "123.429092E",
    "latitude": "41.796768N"
  },
  "吉林": {
    "province": "吉林",
    "capital": "长春市",
    "longitude": "125.324501E",
    "latitude": "43.886841N"
  },
  "黑龙江": {
    "province": "黑龙江",
    "capital": "哈尔滨市",
    "longitude": "126.642464E",
    "latitude": "45.756966N"
  },
  "北京": {
    "province": "北京",
    "capital": "北京市",
    "longitude": "116.405289E",
    "latitude": "39.904987N"
  },
  "天津": {
    "province": "天津",
    "capital": "天津市",
    "longitude": "117.190186E",
    "latitude": "39.125595N"
  },
  "内蒙古自治区": {
    "province": "内蒙古自治区",
    "capital": "呼和浩特市",
    "longitude": "111.751990E",
    "latitude": "40.841490N"
  },
  "宁夏回族自治区": {
    "province": "宁夏回族自治区",
    "capital": "银川市",
    "longitude": "106.232480E",
    "latitude": "38.486440N"
  },
  "山西": {
    "province": "山西",
    "capital": "太原市",
    "longitude": "112.549248E",
    "latitude": "37.857014N"
  },
  "河北": {
    "province": "河北",
    "capital": "石家庄市",
    "longitude": "114.502464E",
    "latitude": "38.045475N"
  },
  "山东": {
    "province": "山东",
    "capital": "济南市",
    "longitude": "117.000923E",
    "latitude": "36.675808N"
  },
  "河南": {
    "province": "河南",
    "capital": "郑州市",
    "longitude": "113.665413E",
    "latitude": "34.757977N"
  },
  "陕西": {
    "province": "陕西",
    "capital": "西安市",
    "longitude": "108.948021E",
    "latitude": "34.263161N"
  },
  "湖北": {
    "province": "湖北",
    "capital": "武汉市",
    "longitude": "114.298569E",
    "latitude": "30.584354N"
  },
  "江苏": {
    "province": "江苏",
    "capital": "南京市",
    "longitude": "118.76741E",
    "latitude": "32.041546N"
  },
  "安徽": {
    "province": "安徽",
    "capital": "合肥市",
    "longitude": "117.283043E",
    "latitude": "31.861191N"
  },
  "上海": {
    "province": "上海",
    "capital": "上海市",
    "longitude": "121.472641E",
    "latitude": "31.231707N"
  },
  "湖南": {
    "province": "湖南",
    "capital": "长沙市",
    "longitude": "112.982277E",
    "latitude": "28.19409N"
  },

  "江西": {
    "province": "江西",
    "capital": "南昌市",
    "longitude": "115.892151E",
    "latitude": "28.676493N"
  },
  "浙江": {
    "province": "浙江",
    "capital": "杭州市",
    "longitude": "120.15358E",
    "latitude": "30.287458N"
  },
  "福建": {
    "province": "福建",
    "capital": "福州市",
    "longitude": "119.306236E",
    "latitude": "26.075302N"
  },
  "广东": {
    "province": "广东",
    "capital": "广州市",
    "longitude": "113.28064E",
    "latitude": "23.125177N"
  },
  "台湾": {
    "province": "台湾",
    "capital": "台北市",
    "longitude": "121.5200760E",
    "latitude": "25.0307240N"
  },
  "海南": {
    "province": "海南",
    "capital": "海口市",
    "longitude": "110.199890E",
    "latitude": "20.044220N"
  },
  "广西": {
    "province": "广西",
    "capital": "南宁市",
    "longitude": "108.320007E",
    "latitude": "22.82402N"
  },
  "重庆": {
    "province": "重庆",
    "capital": "重庆市",
    "longitude": "106.504959E",
    "latitude": "29.533155N"
  },
  "云南": {
    "province": "云南",
    "capital": "昆明市",
    "longitude": "102.71225E",
    "latitude": "25.040609N"
  },

  "贵州": {
    "province": "贵州",
    "capital": "贵阳市",
    "longitude": "106.713478E",
    "latitude": "26.578342N"
  },
  "四川": {
    "province": "四川",
    "capital": "成都市",
    "longitude": "104.065735E",
    "latitude": "30.659462N"
  },
  "甘肃": {
    "province": "甘肃",
    "capital": "兰州市",
    "longitude": "103.834170E",
    "latitude": "36.061380N"
  },
  "青海": {
    "province": "青海",
    "capital": "西宁市",
    "longitude": "101.777820E",
    "latitude": "36.617290N"
  },
  "西藏": {
    "province": "西藏",
    "capital": "拉萨市",
    "longitude": "91.11450E",
    "latitude": "29.644150N"
  },
  "新疆": {
    "province": "新疆",
    "capital": "乌鲁木齐市",
    "longitude": "87.616880E",
    "latitude": "43.826630N"
  },
  "香港特别行政区": {
    "province": "香港特别行政区",
    "capital": "香港",
    "longitude": "114.165460E",
    "latitude": "22.275340N"
  },
  "澳门特别行政区": {
    "province": "澳门特别行政区",
    "capital": "澳门",
    "longitude": "113.549130E",
    "latitude": "22.198750N"
  }
}
